PublicID,Date,Latitude,Longitude,strike1,dip1,rake1,strike2,dip2,rake2,GeoNet_M,GeoNet_depth,GeoNet_depth_unc,Mw,Depth,Depth_VRmax,Depth_DCmax,Plateau_km,Mo,NS,AzGap,Grade,DC,CLVD,VR,Jk_n,Jk_Mw_std,Jk_DC_std,Jk_rot_deg,PredDisp_cm,Detectable,Mxx,Mxy,Mxz,Myy,Myz,Mzz,Band,Model,quality_flag,publish_flag,published
2026p033598,2026-01-13T10:21:33.376Z,-40.5748,176.0788,164.4,88.2,-92.6,39.8,3.1,-34.6,4.58,13.3,,4.18,8.0,10.0,14.0,,2.066e+22,7,185.0,D,92.0,8.0,45.5,7,0.013,8.5,4.4,0.018,False,3.5254,-7.669,-55.2363,13.0112,-194.1572,-16.5366,10-50s,nz_north_ristau2008,low_VR,grade_D;too_small_no_disp;daily_cap,False
2026p040265,2026-01-15T21:33:23.311Z,-35.5668,178.7639,116.6,89.1,83.1,18.9,6.9,172.3,4.35,33.0,,4.04,1.0,1.0,54.0,,1.294e+22,5,317.9,D,58.1,41.9,41.0,5,0.031,5.1,51.5,1.113,True,13.5659,6.3327,105.089,-30.2747,46.9287,16.7088,10-50s,nz_north_ristau2008,low_VR;wide_az_gap,unpublished,False
2026p047833,2026-01-18T16:45:10.278Z,-48.237,165.164,206.9,81.1,139.7,304.3,50.3,11.6,5.68,33.0,,5.08,8.0,3.5,54.0,,4.639e+23,2,332.3,C,88.7,11.3,86.5,0,,,,0.347,False,2531.0906,-1698.0006,-1915.778,-3330.4194,2179.1316,799.3288,30-100s,nz_south_ristau2008,few_stations;wide_az_gap,grade_C;daily_cap,False
2026p054819,2026-01-21T06:47:22.956Z,-48.4455,165.471,157.2,6.9,54.6,12.8,84.4,94.0,4.3,33.0,,4.17,4.5,3.0,4.5,,2.003e+22,2,334.3,C,95.5,4.5,51.0,,,,,0.059,False,8.1839,-2.7084,43.8117,-44.5053,-188.7412,36.3214,20-50s,nz_south_ristau2008,few_stations;wide_az_gap,unpublished,False
2026p060826,2026-01-23T12:07:52.234Z,-46.713,165.6344,297.0,6.6,-5.5,32.5,89.4,-96.6,4.37,5.0,,4.33,1.0,6.0,1.0,9.0,3.546e+22,1,0.0,D,100.0,0.0,77.6,0,,,,2.228,True,39.0033,-20.6173,-188.7258,-31.2415,297.2896,-7.7618,20-50s,nz_south_ristau2008,few_stations,grade_D;daily_cap,False
2026p070370,2026-01-27T00:53:34.105Z,-40.4443,174.7934,332.7,4.8,-29.9,92.5,87.6,-94.2,4.5,4.6,,3.97,9.0,10.0,9.0,,9.967e+21,16,145.5,C,63.4,36.6,51.9,16,0.004,2.3,1.6,0.007,False,-2.0965,5.6314,-90.0196,18.6166,-1.624,-16.5201,10-50s,nz_north_ristau2008,grade_C,grade_C;too_small_no_disp;daily_cap,False
2026p087416,2026-02-02T08:15:37.715Z,-46.7629,165.3657,3.0,46.1,133.3,129.4,58.3,54.5,5.61,5.0,,5.09,7.0,3.5,34.0,,4.826e+23,5,311.3,C,85.9,14.1,81.9,5,0.022,9.9,17.3,0.696,False,348.562,-2278.7427,2026.5265,-3691.7515,91.1077,3343.1895,30-100s,nz_south_ristau2008,wide_az_gap,grade_C;daily_cap,False
2026p091845,2026-02-03T23:35:31.322Z,-41.6344,174.2441,236.4,77.1,155.8,332.2,66.4,14.1,4.36,8.4,3.8,4.08,22.0,22.0,22.0,0.0,1.484e+22,6,163.4,B,97.2,2.8,63.2,6,0.016,2.8,8.0,0.001,False,102.9923,62.6939,-63.0616,-127.9836,4.4037,24.9913,10-50s,nz_south_ristau2008,True,too_small_no_disp;daily_cap,False
2026p101368,2026-02-07T12:09:21.389Z,-44.773,167.0628,174.3,24.9,19.3,66.7,82.0,113.7,4.4,12.0,,4.1,58.0,58.0,38.0,0.0,1.608e+22,2,339.8,C,57.9,42.1,54.9,0,,,,0.0,False,2.8044,69.6461,111.1045,-30.1536,-59.3565,27.3491,20-50s,nz_south_ristau2008,few_stations;wide_az_gap,grade_C;too_small_no_disp;daily_cap,False
2026p111636,2026-02-11T07:19:46.478Z,-46.7111,165.7067,131.5,21.4,38.1,5.4,77.0,107.1,4.03,5.0,,3.94,16.0,9.0,26.0,10.0,9.222e+21,3,304.2,D,93.5,6.5,18.6,0,,,,0.002,False,7.1368,-21.9009,12.0598,-44.0235,-77.0584,36.8868,20-50s,nz_south_ristau2008,low_VR;wide_az_gap,grade_D;too_small_no_disp;daily_cap,False
2026p125149,2026-02-16T07:19:14.315Z,-46.7022,165.7215,246.0,1.7,145.9,10.1,89.1,88.6,4.39,5.0,,4.28,1.5,5.0,1.0,8.5,2.913e+22,2,348.0,D,87.1,12.9,48.6,0,,,,0.92,False,15.2384,12.8152,50.0919,-15.0505,-277.183,-0.1879,10-50s,nz_south_ristau2008,few_stations;low_VR;wide_az_gap,grade_D;too_small_no_disp;daily_cap,False
2026p125819,2026-02-16T13:16:31.124Z,-46.6597,165.3294,189.0,83.7,102.0,306.4,13.5,28.0,4.9,12.0,,4.67,3.0,3.0,12.0,,1.117e+23,4,311.1,C,50.7,49.3,77.9,4,0.02,13.0,11.2,0.79,False,308.0226,-107.0636,-86.4902,-397.3972,930.9537,89.3746,20-50s,nz_south_ristau2008,wide_az_gap,grade_C;too_small_no_disp;daily_cap,False
2026p140531,2026-02-21T23:54:59.959Z,-46.389,166.0803,344.6,42.5,98.1,153.7,48.0,82.6,5.38,12.0,,4.82,30.0,22.0,1.0,,1.873e+23,7,288.5,C,96.1,3.9,81.4,7,0.01,7.0,4.8,0.018,False,-190.2501,-638.6195,223.7498,-1621.0875,104.8185,1811.3376,20-50s,nz_south_ristau2008,wide_az_gap,grade_C;too_small_no_disp;daily_cap,False
2026p141561,2026-02-22T09:02:39.625Z,-47.7668,165.4026,92.3,75.7,-172.5,0.5,82.7,-14.4,4.56,12.0,,4.13,26.0,38.0,14.0,,1.728e+22,1,0.0,D,85.8,14.2,26.0,0,,,,0.001,False,-7.5702,159.5097,-25.2733,7.1939,42.0485,0.3763,10-50s,nz_south_ristau2008,few_stations;low_VR,grade_D;too_small_no_disp;daily_cap,False
2026p166207,2026-03-03T11:55:09.152Z,-49.0719,166.4234,33.1,89.2,93.8,135.5,3.9,12.4,5.56,33.0,,5.8,1.0,7.0,1.0,,5.557e+24,1,0.0,D,97.5,2.5,95.5,0,,,,19.536,True,3281.5297,-278.2183,30067.4914,-4571.4653,-46139.7408,1289.9356,30-100s,nz_south_ristau2008,few_stations,grade_D;daily_cap,False
2026p189537,2026-03-12T03:05:32.623Z,-43.4205,173.5137,206.0,68.3,-142.3,100.0,55.4,-26.8,4.28,24.1,3.9,4.18,42.0,42.0,2.0,8.0,2.061e+22,3,244.1,D,40.9,59.1,36.7,0,,,,0.001,False,101.5695,-88.2304,-40.41,-46.4585,-128.2552,-55.111,10-50s,nz_south_ristau2008,low_VR,grade_D;too_small_no_disp;daily_cap,False
2026p216882,2026-03-22T05:54:46.663Z,-42.4258,173.7674,181.4,61.8,0.9,91.0,89.2,151.8,4.03,7.4,4.4,3.67,2.5,2.5,14.0,0.0,3.582e+21,3,255.8,C,65.4,34.6,56.5,0,,,,0.021,False,-4.5338,28.8286,15.4231,0.0111,-3.2109,4.5227,10-50s,nz_south_ristau2008,grade_C,grade_C;too_small_no_disp;daily_cap,False
2026p221690,2026-03-24T00:36:33.268Z,-41.6093,174.2858,148.0,75.2,-47.4,253.6,44.6,-158.7,4.27,8.5,3.1,3.77,8.0,8.0,46.0,5.5,5.028e+21,4,199.9,B,65.5,34.5,70.5,4,0.052,21.6,43.6,0.004,False,31.0358,16.9764,-4.3326,-15.5685,-33.7318,-15.4673,10-50s,nz_south_ristau2008,True,too_small_no_disp;daily_cap,False
2026p238013,2026-03-30T01:33:41.402Z,-41.6071,174.2771,255.6,1.4,-157.7,143.4,89.5,-88.7,4.09,8.8,4.7,4.11,1.0,1.0,3.0,0.0,1.652e+22,5,159.6,C,95.9,4.1,50.1,5,0.006,2.1,12.6,1.654,True,6.0706,0.0181,-97.404,-1.4334,-131.2903,-4.6373,10-50s,nz_south_ristau2008,grade_C,grade_C;daily_cap,False
2026p283255,2026-04-15T19:18:16.783Z,-44.4108,169.416,327.7,39.9,23.8,219.0,75.0,127.4,4.32,5.0,,3.91,3.5,5.0,3.5,2.5,8.136e+21,3,309.0,C,99.7,0.3,69.0,0,,,,0.041,False,33.902,5.856,-45.2189,-66.1313,35.3542,32.2293,10-50s,nz_south_ristau2008,wide_az_gap,grade_C;too_small_no_disp;daily_cap,False
2026p300334,2026-04-22T02:58:23.573Z,-47.2741,165.9424,262.3,6.8,18.3,154.1,87.9,96.5,4.56,5.0,,3.96,24.0,34.0,50.0,,9.897e+21,3,311.7,C,98.4,1.6,61.9,0,,,,0.001,False,-9.5754,-10.2242,42.4214,2.6548,87.9674,6.9206,10-50s,nz_south_ristau2008,wide_az_gap,grade_C;too_small_no_disp;daily_cap,False
2026p335889,2026-05-05T06:42:10.578Z,-36.6666,177.1577,46.2,31.6,-92.5,229.1,58.4,-88.4,4.24,5.0,,4.76,5.0,6.0,5.0,7.0,1.523e+23,10,229.2,B,99.9,0.1,75.1,10,0.01,0.9,12.1,0.494,False,741.4769,-677.6654,533.1135,616.0909,-432.8986,-1357.5678,20-50s,nz_north_ristau2008,True,too_small_no_disp;daily_cap,False
2026p336037,2026-05-05T08:00:41.603Z,-36.5981,177.2236,46.5,29.7,-88.8,225.0,60.4,-90.7,5.4,5.0,,5.72,4.5,5.0,4.5,,4.255e+24,30,214.0,B,99.9,0.1,83.1,30,0.003,0.3,3.3,10.016,True,18753.1052,-18303.1464,15180.2873,17806.3011,-15528.9253,-36559.4063,20-50s,nz_north_ristau2008,True,daily_cap,False
2026p336118,2026-05-05T08:43:44.663Z,-36.607,177.3189,224.1,62.1,-81.2,25.9,29.1,-106.0,4.88,5.0,,4.85,3.0,1.5,3.0,,2.136e+23,26,230.4,B,99.8,0.2,83.5,26,0.003,1.3,4.0,1.769,True,557.2575,-864.8203,933.994,1187.2088,-745.6377,-1744.4664,20-50s,nz_north_ristau2008,True,daily_cap,False
2026p336129,2026-05-05T08:49:37.470Z,-36.7041,177.1419,223.5,63.0,-86.3,35.3,27.2,-97.3,4.23,5.0,,4.5,6.0,6.0,4.5,0.0,6.333e+22,6,226.3,B,80.8,19.2,78.2,6,0.012,0.4,6.2,0.14,False,215.841,-195.8852,260.2765,300.869,-240.9742,-516.71,20-50s,nz_north_ristau2008,True,too_small_no_disp;daily_cap,False
2026p336219,2026-05-05T09:37:39.694Z,-36.6772,177.2041,217.1,66.2,-86.8,29.3,23.9,-97.1,4.52,5.0,,4.55,3.0,1.5,22.0,,7.557e+22,19,233.2,B,94.1,5.9,79.6,19,0.006,0.9,2.9,0.659,False,174.1566,-237.5995,317.5504,385.0227,-389.5319,-559.1792,20-50s,nz_north_ristau2008,True,too_small_no_disp;daily_cap,False
2026p336544,2026-05-05T12:31:07.370Z,-36.6715,177.1918,223.4,62.2,-81.4,25.5,29.0,-105.8,4.03,5.0,,4.31,4.0,1.5,54.0,3.0,3.277e+22,4,250.6,B,82.9,17.1,85.6,4,0.026,4.7,10.8,0.164,False,68.8361,-145.7141,131.9467,173.7684,-115.9082,-242.6045,20-50s,nz_north_ristau2008,True,too_small_no_disp;daily_cap,False
2026p337070,2026-05-05T17:10:55.630Z,-36.6369,177.2208,232.5,60.8,-85.4,43.3,29.5,-98.1,4.15,5.0,,4.47,4.5,5.0,4.5,5.5,5.753e+22,9,233.6,B,99.7,0.3,84.6,9,0.009,1.4,4.8,0.23,False,269.0557,-245.2731,252.2948,219.2201,-165.093,-488.2758,20-50s,nz_north_ristau2008,True,too_small_no_disp;daily_cap,False
2026p337073,2026-05-05T17:12:42.727Z,-40.1293,178.0142,171.5,43.5,-113.2,22.2,50.7,-69.5,4.07,33.0,,4.33,28.0,22.0,28.0,12.0,3.452e+22,3,307.9,D,98.1,1.9,32.8,0,,,,0.004,False,-23.1739,-44.0886,-93.5777,337.1479,30.7387,-313.974,10-50s,nz_north_ristau2008,low_VR;wide_az_gap,grade_D;too_small_no_disp;daily_cap,False
2026p338701,2026-05-06T07:40:07.284Z,-36.6382,177.1551,47.4,25.7,-77.9,214.1,64.9,-95.8,4.43,5.0,,4.64,6.0,4.0,6.0,6.0,1.020e+23,7,230.7,B,98.1,1.9,80.6,7,0.013,1.8,5.5,0.221,False,333.4437,-387.1448,325.5512,446.6654,-560.4433,-780.1091,20-50s,nz_north_ristau2008,True,too_small_no_disp;daily_cap,False
2026p345260,2026-05-08T17:54:44.414Z,-36.6337,177.1779,29.7,57.8,-90.0,209.7,32.2,-90.0,4.39,5.0,,4.59,4.5,4.5,4.5,0.0,8.485e+22,7,231.9,C,99.8,0.2,53.2,7,0.01,4.7,5.9,0.343,False,188.4105,-328.5736,-181.7595,576.8064,318.1287,-765.2169,10-50s,nz_north_ristau2008,grade_C,grade_C;too_small_no_disp;daily_cap,False
2026p345918,2026-05-08T23:45:09.664Z,-36.6401,177.1605,246.9,44.6,-54.2,21.5,55.3,-120.0,4.03,5.0,,4.18,8.0,8.0,8.0,0.0,2.056e+22,4,230.8,C,99.7,0.3,53.5,4,0.016,8.9,15.3,0.025,False,80.0169,-118.3448,31.7565,86.6733,79.6326,-166.6902,10-50s,nz_north_ristau2008,grade_C,grade_C;too_small_no_disp;daily_cap,False
2026p348732,2026-05-10T00:44:25.130Z,-40.2041,176.5279,20.8,89.6,-87.9,120.2,2.2,-170.6,4.13,17.0,3.9,4.84,3.0,3.0,12.0,0.0,2.009e+23,3,308.0,D,64.8,35.2,19.2,0,,,,1.268,True,-328.9254,-132.493,-633.4155,175.3279,1718.042,153.5975,20-50s,nz_north_ristau2008,low_VR;wide_az_gap,grade_D;daily_cap,False
2026p355073,2026-05-12T09:02:57.943Z,-41.3838,174.5033,159.9,2.0,-5.8,255.7,89.8,-92.0,4.12,21.7,2.7,3.88,38.0,10.0,38.0,36.5,7.313e+21,1,0.0,D,99.9,0.1,65.8,0,,,,0.0,False,1.7356,2.1328,70.8071,-1.2229,-18.0616,-0.5128,20-50s,nz_south_ristau2008,few_stations,grade_D;too_small_no_disp;daily_cap,False
2026p357402,2026-05-13T05:44:02.149Z,-39.688,176.2284,346.4,28.2,-39.7,112.6,72.4,-112.4,4.14,23.4,3.4,4.73,50.0,58.0,3.5,8.0,1.386e+23,3,280.2,D,99.6,0.4,32.7,0,,,,0.004,False,270.0179,614.2128,-1028.2764,467.9228,-254.3608,-737.9407,10-50s,nz_north_ristau2008,low_VR;wide_az_gap,grade_D;too_small_no_disp;daily_cap,False
2026p365604,2026-05-16T06:34:14.213Z,-41.7463,174.1389,350.5,0.5,89.7,170.9,89.5,90.0,4.42,10.1,2.8,4.58,1.0,3.0,6.0,2.0,8.425e+22,2,266.9,C,98.5,1.5,54.9,0,,,,3.147,True,5.6242,-3.7219,133.3781,-16.6537,828.5563,11.0295,20-50s,nz_south_ristau2008,few_stations,grade_C;daily_cap,False
2026p367944,2026-05-17T03:20:39.835Z,-39.7303,178.9412,125.9,33.7,-117.2,337.6,60.4,-73.0,4.47,33.0,,4.67,7.0,7.0,46.0,5.0,1.126e+23,1,0.0,D,57.2,42.8,75.1,0,,,,0.181,False,427.4803,322.541,-22.5471,495.7965,556.2968,-923.2769,20-50s,nz_north_ristau2008,few_stations,grade_D;too_small_no_disp;daily_cap,False
2026p368799,2026-05-17T10:56:16.957Z,-47.3035,165.9852,224.1,87.0,-93.0,90.0,4.2,-44.2,4.13,5.0,,4.05,7.0,14.0,3.0,24.0,1.343e+22,2,311.3,D,98.1,1.9,48.4,0,,,,0.015,False,13.3898,-8.0296,92.1508,-0.2836,-95.593,-13.1062,20-50s,nz_south_ristau2008,few_stations;low_VR;wide_az_gap,grade_D;too_small_no_disp;daily_cap,False
2026p385521,2026-05-23T15:25:40.470Z,-37.9411,179.1238,350.6,75.7,-159.4,255.3,70.0,-15.2,4.25,12.0,,4.04,5.0,5.0,4.0,0.0,1.308e+22,3,306.6,D,34.2,65.8,44.6,0,,,,0.021,False,-19.5746,-95.0784,7.8805,69.5901,19.2713,-50.0155,20-50s,nz_north_ristau2008,low_VR;wide_az_gap,grade_D;too_small_no_disp;daily_cap,False
2026p396935,2026-05-27T20:46:57.269Z,-43.057,176.7179,107.6,83.2,-72.0,217.7,19.2,-158.8,5.04,33.0,,4.73,4.5,4.5,7.0,,1.401e+23,6,292.8,C,66.6,33.4,65.5,6,0.023,7.1,6.9,0.417,False,582.6748,-157.4246,-1144.3624,-378.724,-304.0068,-203.9508,20-50s,nz_north_ristau2008,wide_az_gap,grade_C;too_small_no_disp;daily_cap,False
2026p402583,2026-05-29T22:56:31.599Z,-41.669,174.2496,232.9,85.5,5.9,142.4,84.1,175.5,4.72,11.7,,4.29,26.0,24.0,18.0,,3.065e+22,5,157.3,B,77.3,22.7,66.4,5,0.013,23.2,7.8,0.001,False,-261.5508,-75.6403,-9.7886,290.7841,42.3623,-29.2333,20-50s,nz_south_ristau2008,True,too_small_no_disp;daily_cap,False
2026p421208,2026-06-05T20:20:05.780Z,-46.1761,165.7429,219.5,89.1,-92.6,111.4,2.8,-18.1,4.52,12.0,,4.27,4.0,3.0,4.0,,2.895e+22,5,301.0,C,99.2,0.8,51.3,5,0.01,0.8,3.8,0.1,False,16.1328,-7.6241,183.2945,-8.0045,-222.7681,-8.1283,10-50s,nz_south_ristau2008,wide_az_gap,grade_C;too_small_no_disp;daily_cap,False
2026p428526,2026-06-08T13:19:05.502Z,-43.1442,170.9431,244.7,80.4,-171.6,153.3,81.8,-9.7,4.88,5.0,,4.46,10.0,8.0,30.0,,5.546e+22,10,157.0,B,95.3,4.7,69.0,10,0.007,6.0,5.7,0.016,False,428.1227,328.8455,30.8374,-413.983,-118.1073,-14.1397,20-100s,nz_south_ristau2008,True,too_small_no_disp;daily_cap,False
2026p455759,2026-06-18T15:08:38.730Z,-44.455,168.1173,149.4,8.6,-15.6,254.9,87.7,-98.3,4.2,5.0,,3.97,4.0,4.5,4.0,3.0,1.025e+22,4,187.8,D,98.0,2.0,40.9,4,0.092,4.6,31.8,0.036,False,15.3772,10.2837,96.9779,-7.7325,-26.5836,-7.6448,10-50s,nz_south_ristau2008,low_VR,grade_D;too_small_no_disp;daily_cap;aftershock,False
2026p461272,2026-06-20T16:06:12.211Z,-37.3951,177.9025,159.5,22.0,102.7,325.8,68.6,84.9,4.05,23.7,8.8,4.08,42.0,42.0,8.0,4.0,1.499e+22,1,0.0,D,37.9,62.1,43.4,0,,,,0.001,False,8.7667,-67.3658,-50.6011,-71.6797,-77.2757,62.913,10-50s,nz_north_ristau2008,few_stations;low_VR,grade_D;too_small_no_disp;daily_cap,False
2026p508890,2026-07-08T06:56:56.673Z,-40.4901,176.0237,346.7,39.3,17.2,243.2,79.2,128.1,4.06,8.1,3.2,3.99,6.0,5.0,46.0,5.0,1.100e+22,3,295.5,D,87.3,12.7,45.6,0,,,,0.017,False,28.554,47.6385,-78.0682,-59.0549,20.0054,30.5008,20-50s,nz_north_ristau2008,low_VR;wide_az_gap,grade_D;too_small_no_disp;daily_cap,False
2026p520779,2026-07-12T16:31:07.662Z,-42.6175,173.5382,48.5,55.8,-131.8,286.4,52.0,-45.5,4.7,24.2,,4.27,22.0,22.0,26.0,,2.879e+22,3,315.3,C,96.3,3.7,80.7,0,,,,0.004,False,269.2977,-80.3536,11.5052,-71.8809,128.4026,-197.4168,20-50s,nz_south_ristau2008,wide_az_gap,grade_C;too_small_no_disp;daily_cap,False
2026p553250,2026-07-24T16:51:36.825Z,-38.9656,175.2372,128.5,71.2,4.7,37.0,85.6,161.1,5.95,9.3,,5.53,28.0,22.0,16.0,,2.241e+24,16,114.2,B,75.3,24.7,65.6,16,0.003,6.8,5.4,0.091,False,19697.2134,-5112.9103,6454.1623,-18431.5033,-3910.4405,-1265.7101,30-100s,nz_north_ristau2008,True,daily_cap,False
2026p557577,2026-07-26T07:17:16.967Z,-47.0751,165.5299,180.1,87.0,106.6,280.1,16.9,10.4,4.24,12.0,,4.41,4.5,2.0,26.0,3.5,4.621e+22,1,0.0,D,91.7,8.3,67.5,0,,,,0.127,False,-16.1139,-129.0246,-15.6758,-36.6724,431.2724,52.7863,10-50s,nz_south_ristau2008,few_stations,grade_D;too_small_no_disp;daily_cap,False
2026p557613,2026-07-26T07:35:29.467Z,-47.1358,165.4294,16.3,80.3,-102.1,248.0,15.5,-39.3,4.07,12.0,,4.05,10.0,1.5,10.0,23.0,1.319e+22,1,0.0,D,99.1,0.9,43.0,0,,,,0.008,False,18.4681,-34.2095,-29.4104,24.7009,117.8348,-43.169,10-50s,nz_south_ristau2008,few_stations;low_VR,grade_D;too_small_no_disp;daily_cap,False
2026p588884,2026-08-06T21:17:31.778Z,-38.0674,178.2835,61.8,29.3,89.3,242.6,60.7,90.4,4.13,26.7,3.7,4.56,58.0,58.0,3.5,0.0,7.654e+22,3,295.4,C,28.7,71.3,57.4,0,,,,0.002,False,-468.3325,389.4088,-291.3082,68.1622,151.5068,400.1703,20-50s,nz_north_ristau2008,wide_az_gap,grade_C;too_small_no_disp;daily_cap,False
2026p598118,2026-08-10T07:17:28.476Z,-37.3044,177.6297,327.4,4.0,-140.7,198.2,87.4,-86.9,4.7,12.0,,4.31,16.0,26.0,6.0,,3.289e+22,5,192.2,B,71.5,28.5,68.4,5,0.026,8.7,6.8,0.007,False,32.7513,25.959,99.0295,17.627,-287.236,-50.3783,20-50s,nz_north_ristau2008,True,too_small_no_disp;daily_cap,False
2026p600722,2026-08-11T06:25:08.204Z,-37.9095,176.8147,68.2,47.2,-96.0,257.0,43.1,-83.5,4.08,5.0,,4.3,5.0,3.0,5.0,3.0,3.125e+22,23,111.3,B,99.1,0.9,69.2,23,0.003,0.8,5.2,0.106,False,283.5657,-89.7921,-14.1067,24.8491,29.3901,-308.4148,20-50s,nz_north_ristau2008,True,too_small_no_disp;daily_cap,False
2026p639238,2026-08-25T12:26:29.984Z,-44.4108,167.9513,345.3,84.3,-20.0,77.3,70.1,-173.9,4.8,5.0,,4.05,26.0,20.0,38.0,,1.334e+22,5,237.0,B,76.7,23.3,62.3,5,0.008,9.5,6.7,0.001,False,52.7941,103.0635,-7.3953,-56.8115,47.6671,4.0174,20-50s,nz_south_ristau2008,True,too_small_no_disp;daily_cap;aftershock,False
2026p660160,2026-09-02T06:13:32.546Z,-44.4418,168.3231,2.9,47.2,38.9,244.1,62.5,130.0,5.47,5.0,,5.05,8.0,8.0,30.0,,4.288e+23,19,171.6,B,63.4,36.6,69.3,19,0.005,2.1,3.0,0.449,False,-196.7825,2729.7835,-1644.2567,-2235.7201,85.5453,2432.5026,10-50s,nz_south_ristau2008,True,daily_cap,True
2026p660242,2026-09-02T06:57:11.231Z,-44.449,168.3039,247.0,69.2,125.4,3.6,40.4,33.3,5.58,5.0,,5.11,5.0,6.0,14.0,,5.268e+23,15,172.7,A,98.0,2.0,72.9,15,0.007,4.9,6.3,1.333,True,-371.302,3020.0265,-3339.8761,-2463.4022,281.6004,2834.7042,20-100s,nz_south_ristau2008,True,daily_cap,True
2026p660272,2026-09-02T07:12:41.676Z,-44.4526,168.2923,280.5,77.7,-143.1,181.5,54.0,-15.2,4.79,5.0,,4.19,3.0,3.0,3.0,,2.141e+22,5,173.5,A,97.9,2.1,77.6,5,0.053,19.0,42.4,0.122,False,-9.4016,164.2266,121.8512,61.5559,-15.6878,-52.1544,20-50s,nz_south_ristau2008,True,too_small_no_disp;daily_cap;aftershock,False
2026p660321,2026-09-02T07:39:03.476Z,-44.4423,168.3137,9.3,82.1,2.0,279.1,88.1,172.1,4.56,5.0,,4.1,9.0,5.0,18.0,,1.571e+22,9,172.7,A,75.4,24.6,77.8,9,0.007,9.0,9.2,0.005,False,-37.076,138.4523,-19.5545,54.4217,-12.1104,-17.3457,20-50s,nz_south_ristau2008,True,too_small_no_disp;daily_cap;aftershock,False
